,ids,tox_bin,prediction
0,O=S(=O)([O-])c1cc(O)ccc1O,0,0.5472059
1,Cc1cn([C@H]2C=C[C@@H](CO)O2)c(=O)[nH]c1=O,0,0.24689424
2,CCCCc1nc2cccnc2n1Cc1ccc(-c2ccccc2-c2nnn[n-]2)cc1,1,0.6985889
3,CCN(CC)CCOC(=O)C1(c2ccccc2)CCCC1.CCN(CC)CCOC(=O)C1(c2ccccc2)CCCC1.O=S(=O)(O)CCS(=O)(=O)O,0,0.42499536
4,CC(=O)SC[C@@H](C)C(=O)N1CCC[C@H]1C(=O)N[C@@H](Cc1ccccc1)C(=O)O,0,0.30446315
5,COCCc1ccc(OCC(O)CNC(C)C)cc1.COCCc1ccc(OCC(O)CNC(C)C)cc1.O=C(O)CCC(=O)O,1,0.33248904
6,COc1cc(OC)nc(O[C@H](C(=O)O)C(OC)(c2ccccc2)c2ccccc2)n1,0,0.444559
7,Oc1cc(O)c(Cl)cc1Cl,1,0.9491591
8,CC(=O)C1C(=O)C=C(C)OC1=O,0,0.2916079
9,C/C(=N/NC(=O)c1ccncc1)C(=O)O,0,0.62859726
10,O=C(CCCN1CCC(O)(c2cccc(C(F)(F)F)c2)CC1)c1ccc(F)cc1,0,0.390403
11,CC(=O)Oc1cccc(C)c1,0,0.3276718
12,ONc1ccccc1,1,0.31038544
13,CC(CC(C)C)=NO,0,0.28473356
14,CC1(C)O[C@@H]2C[C@H]3[C@@H]4CCC5=CC(=O)C=C[C@]5(C)[C@@]4(F)[C@@H](O)C[C@]3(C)[C@]2(C(=O)CO)O1,1,0.90831435
15,CS(=O)(=O)NC(=O)CCC/C=C\C[C@H]1C(=O)C[C@@H](O)[C@@H]1/C=C/[C@H](O)COc1ccccc1,0,0.5144306
16,CCC(COC(=O)CCS)(COC(=O)CCS)COC(=O)CCS,1,0.5025775
17,O=C1CCC(c2ccccc2)(C2CCN(Cc3ccccc3)CC2)C(=O)N1,0,0.48537454
18,C=C(C)C1CC=C(C)C(=O)C1,0,0.5120093
19,Cc1cccc(CN2CCN(C(c3ccccc3)c3ccc(Cl)cc3)CC2)c1,1,0.5546591
20,CN(C)CCN(Cc1cccs1)c1ccccn1.CN(C)CCN(Cc1cccs1)c1ccccn1,0,0.4682482
21,CC=C(Cl)Cl,0,0.390403
22,CCN(CC)C(=O)N1CCN(C)CC1.O=C(O)CC(O)(CC(=O)O)C(=O)O,1,0.31171414
23,C[C@H](CCC(=O)[O-])[C@H]1CC[C@H]2[C@@H]3CC[C@@H]4C[C@H](O)CC[C@]4(C)[C@H]3C[C@H](O)[C@@]21C,0,0.60951626
24,CCOC(=O)CC(SP(=O)(OC)OC)C(=O)OCC,1,0.3879847
25,COC(=O)[C@H]1[C@H]2C[C@@H]3c4[nH]c5ccccc5c4CCN3C[C@H]2C[C@@H](OC(=O)c2cc(OC)c(OC)c(OC)c2)[C@@H]1OC,1,0.68642676
26,CC1OC(C)OC(C)O1,0,0.390403
27,Cc1ccc2c(c1[N+](=O)[O-])C(=O)c1ccccc1C2=O,1,0.7994893
28,Brc1ccc(Br)cc1,0,0.39282778
29,O=C(O)C(Br)Br,1,0.32666335
30,O=C(O)Cc1nn(Cc2ccc(Br)cc2F)c(=O)c2ccccc12,0,0.4162647
31,Cc1ccc2c(c1)C1CN(C)CCC1N2,0,0.40526986
32,CC1=CCC(O)(C(C)C)CC1,0,0.31166318
33,COc1cc(OC)c2ccc(=O)oc2c1,0,0.39693677
34,O=C1c2ccccc2Cc2ccccc21,1,0.5669446
35,OC[C@H]1O[C@@H](n2cnc3c(O)ncnc32)[C@H](O)[C@@H]1O,0,0.27392837
36,COC(Cc1ccccc1)OC,0,0.41376016
37,CC[C@H](c1ccc(O)cc1)[C@@H](CC)c1ccc(O)cc1,1,0.7947231
38,O=C(O)CCc1ccccc1,0,0.3538009
39,CCOCCOC(=O)C=Cc1ccc(OC)cc1,0,0.5133663
40,C=CCOC(=O)CCCCCC,0,0.30897066
41,C[C@@]12C=CC[C@H]1[C@@H]1CC[C@H]3CC(=O)CC[C@]3(C)[C@H]1CC2,1,0.861732
42,Nc1c(Cl)cc(Cl)cc1Cl,0,0.97151846
43,C=CCON/C(CCC)=C1\C(=O)CC(C)(C)C(C(=O)OC)=C1[O-],0,0.41281494
44,O=C(Cl)c1ccccc1F,0,0.41281494
45,CSc1cnccn1,0,0.390403
46,CCN(CCO)c1cccc(C)c1,0,0.3081035
47,CC(C)=CCC/C(C)=C/CC/C(C)=C/CCC(=O)OC/C=C(\C)CCC=C(C)C,0,0.76521146
48,CCCCC[C@H](O)/C=C/[C@H]1[C@H](O)C[C@H](O)[C@@H]1C/C=C\CCCC(=O)O.COC(N)(CO)CO,0,0.390403
49,CC(C)(C#N)/N=N/C(C)(C)C#N,0,0.60176873
50,Cc1ccccc1C#N,0,0.48099244
51,CCCCOC(=O)CC(CC(=O)OCCCC)(OC(C)=O)C(=O)OCCCC,0,0.390403
52,CCCNC(C)C(=O)Nc1ccccc1C,0,0.41281494
53,O=S(=O)(O)C(F)(F)C(F)(F)C(F)(F)C(F)(F)C(F)(F)C(F)(F)C(F)(F)C(F)(F)F,0,0.390403
54,Nc1c2c(nc3c1CCC3)CCCC2,0,0.7796527
55,CN1C(=O)/C(=N/NC(N)=S)c2ccccc21,1,0.44599807
56,ClCCOCCCl,0,0.5111998
57,Oc1ccc(Cl)cc1C1CCCC1,1,0.65645474
58,CCN1CCCC1CNC(=O)C(O)(c1ccccc1)c1ccccc1,0,0.4162647
59,C=CCn1c(=O)n([C@@H]2O[C@H](CO)[C@@H](O)[C@H]2O)c2nc(N)[nH]c(=O)c21,0,0.35659233
60,COCc1nnc(-c2ccc[n+]([O-])c2)n1-c1c(Cl)c(Cl)cc2[nH]c(=O)c(=O)[nH]c12,0,0.60065997
61,C=CC(=O)OCCCl,0,0.31503654
62,C=C(C)C(=O)OCCCCCCCCCCCCCCCCCC,0,0.390403
63,O=Cc1ccc(Cl)c(Cl)c1,0,0.52771634
64,CCOC(=O)c1ncn2c1CN(C)C(=O)c1cc(F)ccc1-2,0,0.32173857
65,O=C1NCN(c2ccccc2)C12CCN(CC1COc3ccccc3O1)CC2,0,0.40301898
66,CCCCCCC1(C)CCC(=O)O1,0,0.41644433
67,COc1ccc(O)cc1,0,0.5456206
68,CCCCN(CCCC)C(=S)SSC(=S)N(CCCC)CCCC,1,0.9313811
69,ON=C1CCCCC1,0,0.28473356
70,CC(CO)(CO)CO,0,0.2842061
71,CC(=O)Oc1cccc(C(=O)O)c1OC(C)=O,0,0.4033112
72,O=C(O)[C@H](O)[C@@H](O)[C@H](O[C@@H]1O[C@H](CO)[C@H](O)[C@H](O)[C@H]1O)[C@H](O)CO,0,0.390403
73,Nc1ncc([N+](=O)[O-])s1,1,0.390403
74,CN(C)CCN(Cc1ccsc1)c1ccccn1,0,0.4335046
75,CCCCC(=O)O[C@]1(C(=O)CO)[C@@H](C)C[C@H]2[C@@H]3CCC4=CC(=O)C=C[C@]4(C)[C@@]3(F)[C@@H](O)C[C@@]21C,1,0.26016197
76,CCC(CC)(CC(=O)Nc1cccc(/C=C/c2nc(C3CCC3)cs2)c1)C(=O)O,1,0.59194666
77,Nc1ccc(O)c(C(=O)O)c1,1,0.3009318
78,CC#CCC(C)[C@H](O)/C=C/C1[C@H]2C/C(=C/CCCC(=O)O)C[C@H]2C[C@H]1O,1,0.54326665
79,O=C1C=CC(=O)N1c1ccc(Cc2ccc(N3C(=O)C=CC3=O)cc2)cc1,1,0.68822956
80,CCOC(=O)Nc1cccc(OC(=O)Nc2ccccc2)c1,1,0.77058935
81,O=C(O)c1cc(Br)c(O)c(Br)c1,0,0.3977036
82,CC(=O)OC/C=C(\C)CCC=C(C)C,0,0.5444431
83,O=C(c1ccc(F)cc1)C1CCN(CCn2c(=O)[nH]c3ccccc3c2=O)CC1,0,0.6147249
84,FC(F)(F)C(F)(F)C(F)(F)C(F)(F)C(F)(F)C(F)(F)C(F)(F)C(F)(F)C(F)(F)C(F)(F)F,0,0.390403
85,OCCCc1ccccc1,0,0.31539136
86,Cc1cc2nc(N)sc2cc1C,1,0.94678247
87,CCc1cc(S(=O)(=O)[O-])c2cc(C(C)C)cccc1-2,0,0.36499423
88,C[C@H]1C[C@H](C)C(=O)[C@H]([C@H](O)CC2CC(=O)NC(=O)C2)C1,1,0.33791596
89,Cc1ccc(N(C)C)cc1,1,0.5948944
90,CC(=O)[O-].[K+],0,0.31848374
91,O=C(Cl)OCc1ccccc1,0,0.44387373
92,CN(C)c1ccc(N=O)cc1,1,0.8294692
93,CCCCCCCC(=O)O,0,0.32829988
94,CCCCCCCCNC(C)C(O)c1ccc(SC(C)C)cc1,1,0.30874872
95,O=C1c2ccccc2C(=O)C1C(=O)C(c1ccccc1)c1ccc(Cl)cc1,1,0.8725809
96,COC(=O)[C@H](Cc1ccccc1)NC(=O)[C@@H](N)CC(=O)O,1,0.34268543
97,O=C1NS(=O)(=O)c2ccccc21,0,0.390403
98,O=C1OC(OC(=O)c2cccnc2Nc2cccc(C(F)(F)F)c2)c2ccccc21,1,0.6840147
99,CN(C(=O)CO)c1c(I)c(C(=O)NCC(O)CO)c(I)c(C(=O)NCC(O)CO)c1I,0,0.390403
100,Clc1ccccc1C(c1ccccc1)(c1ccccc1)n1ccnc1,1,0.7952926
101,CNC,0,0.34910455
102,CCc1ccc2c(c1)N(CC(C)CN(C)C)c1ccccc1S2,0,0.531145
103,NNC(N)=O,0,0.390403
104,ClC/C=C/CCl,1,0.34866384
105,O=C(C=Cc1ccccc1)OCc1ccccc1,1,0.47886485
106,CCC(CN)=C(c1ccccc1)c1ccccc1,0,0.390403
107,COc1ccc2sc(C(=O)Nc3nnn[n-]3)c(OC(C)C)c2c1,1,0.42616552
108,CN(C[C@@H](CC[N+]12CCC(C3CCCCC3)(CC1)CC2)c1ccc(Cl)c(Cl)c1)C(=O)c1cc(C(F)(F)F)cc(C(F)(F)F)c1,0,0.46375185
109,CCOC(=O)COc1cc(-c2nn(C)c(OC(F)F)c2Cl)c(F)cc1Cl,1,0.64664227
110,CCCC(C)(COC(N)=O)COC(=O)NC1CC1,0,0.27060512
111,Nc1ccc(N)c([N+](=O)[O-])c1,1,0.5557099
112,O=C=NC1CCC(CC2CCC(N=C=O)CC2)CC1,0,0.390403
113,O=[PH]1Oc2ccccc2-c2ccccc21,0,0.58706015
114,CCCCC(CC)COC(=O)c1ccccc1,0,0.52466184
115,O=C([O-])c1ccccc1Nc1cc(Cl)ccc1C(=O)[O-],1,0.48398948
116,COC(OC)OC,0,0.23958112
117,Cn1cc(C(=O)[C@@H]2CCc3[nH]cnc3C2)c2ccccc21,0,0.390403
118,CCCCCCCC1CCC(=O)O1,0,0.4236609
119,Cc1oc(=O)oc1CN1CCN(c2cc3c(cc2F)c(=O)c(C(=O)O)c2n3C(C)S2)CC1,1,0.28066495
120,Clc1ccc(C(Cn2ccnc2)OCc2c(Cl)cccc2Cl)c(Cl)c1,1,0.31172577
121,C=C1C[C@@H]2[C@H](CC[C@]3(C)C(=O)CC[C@@H]23)[C@@]2(C)C=CC(=O)C=C12,1,0.9545074
122,CC=CC(=O)CC,0,0.30035248
123,CC1C2CC(CC2C2CCCC(O)C2)C1(C)C,1,0.38735545
124,CCCCOC(CC)OC(C)COC(O)CC,0,0.28683022
125,CC(=O)Oc1cccc2c1C(=O)c1c(OC(C)=O)cc(C(=O)O)cc1C2=O,1,0.591752
126,CCCCCCCCCOCC1CO1,1,0.5254501
127,ClCCOCCOCCCl,0,0.390403
128,CN(C)c1ccc(/C=C/c2ccc([N+](=O)[O-])cc2)cc1,1,0.22959234
129,N#Cc1cc(NC(=O)C(=O)O)c(Cl)c(NC(=O)C(=O)O)c1,0,0.7082944
130,O=C(NCC(O)CO)c1c(I)c(C(=O)NCC(O)CO)c(I)c(N(CCO)C(=O)CO)c1I,0,0.31848374
131,Clc1ccc(COC(Cn2ccnc2)c2ccc(Cl)cc2Cl)cc1,1,0.7128683
132,CCC(C)CO,1,0.43149292
133,CCOC(CN1CCN(CC(C)C(=O)c2ccccc2)CC1)c1ccccc1,1,0.390403
134,NS(=O)(=O)O,0,0.3055073
135,c1ccc(CCNc2nc(-c3ccccc3)cs2)cc1,1,0.9114888
136,O=C(Nc1cccc2c(=O)cc(-c3nnn[nH]3)oc12)c1ccc(OCCCCc2ccccc2)cc1,0,0.73544353
137,CCC[N+]1(C)CCCCC1.O=S(=O)([N-]S(=O)(=O)C(F)(F)F)C(F)(F)F,0,0.39013958
138,Cc1ccc(C(=O)Nc2ccc(S(=O)(=O)O)c3cc(S(=O)(=O)O)cc(S(=O)(=O)O)c23)cc1NC(=O)c1cccc(NC(=O)Nc2cccc(C(=O)Nc3cc(C(=O)Nc4ccc(S(=O)(=O)O)c5cc(S(=O)(=O)O)cc(S(=O)(=O)O)c45)ccc3C)c2)c1,0,0.5529687
139,COc1cccc2c1cc([N+](=O)[O-])c1c(C(=O)[O-])cc3c(c12)OCO3,1,0.41865295
140,O[C@@H]1[C@H](O)CN2CCC[C@@H](O)[C@H]12,0,0.30593774
141,CCC(C)Br,0,0.31336582
142,O=Cc1ccc(O)c(O)c1O,1,0.48247325
143,O=S(=O)(O)CCCN1CCOCC1,0,0.17722805
144,CC(=O)OCC(=O)[C@@]1(O)CC[C@H]2[C@@H]3C[C@H](C)C4=CC(=O)C=C[C@]4(C)[C@H]3[C@@H](O)C[C@@]21C,1,0.72581184
145,Nc1ccc2cc3ccc(N)cc3nc2c1,1,0.62665844
146,COC(=O)c1ccc(O)cc1,0,0.37667373
147,CN(C)CCO,1,0.390403
148,CCOCCOCCOC(C)=O,0,0.30377936
149,Oc1ccc2ccccc2c1,1,0.5582375
150,CC1=CCC(C(C)C)C=C1,0,0.41319248
151,O=C(Oc1ccccc1C(=O)O)c1ccccc1O,1,0.33623898
152,N=C(N)S(=O)O,0,0.39825118
153,CCO/C=C1\N=C(c2ccccc2)OC1=O,0,0.587034
154,Cc1cc(-c2ccc(N)c(C)c2)ccc1N,1,0.43110517
155,O=C(O)c1c2ccccc2cc2ccccc12,1,0.75481516
156,CCCC1([C@H](O)C/C=C/[C@H]2[C@H](O)CC(=O)[C@@H]2CCCCCCC(=O)OC)CCC1,1,0.390403
157,CCCCN(CCO)CCO,0,0.30613127
158,C/C=C/C(=O)Oc1c(CCCCCC(C)C)cc([N+](=O)[O-])cc1[N+](=O)[O-],1,0.6323218
159,NNC(=O)c1cccc(C(=O)NN)c1,1,0.7038786
160,CC(C)(O)C(=O)c1ccccc1,0,0.43751964
161,CC/C=C/C/C=C/C/C=C/CCCCCCCC(=O)OCC,1,0.63204575
162,COC(=O)C1=C(C)NC(C)=C(C(=O)OC)C1c1ccccc1OC(F)F,0,0.4037763
163,CCCCc1ccc2c(n1)[C@@H](c1ccc(OC)cc1C[C@H](C)C(=O)[O-])[C@H](C(=O)[O-])[C@H]2c1ccc2c(c1)OCO2,0,0.59777427
164,c1ccc2cc3ccccc3cc2c1,1,0.117158934
165,O=S(=O)([O-])CO,0,0.31103638
166,O=CCCc1ccccc1,1,0.26884347
167,CCCCCCCCCCCCN,0,0.390403
168,CCCCC(CC)COC(=O)COc1ccc(Cl)cc1C,0,0.3750248
169,N#CC(C#N)=NNc1cccc(Cl)c1,1,0.7219084
170,CCCCOC(=O)CO,0,0.79842496
171,Cc1cccc2nccnc12,0,0.5536409
172,Cc1ccc(C=O)s1,0,0.390403
173,CC(C)(C)NC(=O)[C@@H]1CN(Cc2cccnc2)CCN1C[C@@H](O)C[C@@H](Cc1ccccc1)C(=O)N[C@H]1c2ccccc2C[C@H]1O,0,0.31540027
174,CCCCCCCCC(=O)OCC,0,0.30594745
175,C[SiH](O[Si](C)(C)C)O[Si](C)(C)C,0,0.41281494
176,Cc1ccc(C(C)NC(=O)[C@@H](NC(=O)OC(C)C)C(C)C)cc1,0,0.390403
177,CC1CCC(C(C)C)C(OC(=O)c2ccccc2N)C1,1,0.41281494
178,Cc1ccc([N+](=O)[O-])cc1N,1,0.7315649
179,C=CC(=C)CCCC(C)(C)OC(C)=O,0,0.47147137
180,F[B-](F)(F)F.[H+],0,0.390403
181,CCCCCCC(CO)CCCC,0,0.3082141
182,CCCN1CCC[C@@H]2Cc3nc(N)ncc3C[C@H]21,0,0.33325717
183,O=S(=O)([O-])c1ccc(O)cc1,0,0.57294345
184,CC(=O)OC(C)C(=O)OCC[N+](C)(C)C.CC(=O)OC(C)C(=O)OCC[N+](C)(C)C.O=S(=O)([O-])c1cccc2c(S(=O)(=O)[O-])cccc12,1,0.390403
185,Cn1cnc2c(F)c(Nc3ccc(Br)cc3Cl)c(C(=O)NOCCO)cc21,1,0.84160626
186,CC(=O)Nc1ccc2c(c1)Cc1ccccc1-2,1,0.71482474
187,Cc1nc2ccc(CN(C)c3ccc(C(=O)N[C@@H](CCC(=O)O)C(=O)O)s3)cc2c(=O)[nH]1,1,0.6084376
188,CCCCC(CC)C(=O)O,0,0.9369762
189,CCOC(=O)C(SP(=S)(OC)OC)c1ccccc1,1,0.5160143
190,N#Cc1ccc(C2CCCc3cncn32)cc1,1,0.40371987
191,NNc1ccccc1,1,0.69203687
192,CC(=O)CCc1ccccc1,0,0.41281494
193,O=C([O-])c1cc(Oc2ccc(C(F)(F)F)cc2Cl)ccc1[N+](=O)[O-],1,0.54820514
194,O=c1c(O)c(-c2ccc(O)cc2)oc2cc(O)cc(O)c12,1,0.9259827
195,C[C@]12CC[C@H]3[C@@H](CCC4=CC(=O)CC[C@@]43C)[C@@H]1CC[C@@H]2O,1,0.8079049
196,O=C(O)Cc1ccc(CCNS(=O)(=O)c2ccc(Cl)cc2)cc1,1,0.3197426
197,O=C1c2cccc(O)c2C(=O)c2c(O)cccc21,1,0.93453515
198,CCCCCCCCCCCCCOC(=O)CCSCCC(=O)OCCCCCCCCCCCCC,0,0.4718498
199,CCCC[N+]1(C)CCCCC1.O=S(=O)([N-]S(=O)(=O)C(F)(F)F)C(F)(F)F,0,0.39013958
200,CNC(=S)NN,1,0.43914273
201,Clc1ccc(C(Cl)(Cl)Cl)c(Cl)c1,0,0.4300043
202,CNC(=O)Nc1ccc(Cl)c(Cl)c1,1,0.390403
203,COc1cc(S(=O)(=O)Nc2ccccc2)c(OC)cc1N,0,0.81917256
204,CNCCO,0,0.390403
205,Cc1c(N)cccc1Cl,0,0.390403
206,Cn1cc(NC(=O)c2cc(NC(=O)c3cc(NC=O)cn3C)cn2C)cc1C(=O)NCCC(=N)N,0,0.45250693
207,CC(=O)O[C@@H]1C(=O)O[C@H]2[C@@H](OC(C)=O)C(=O)O[C@@H]12,1,0.390403
208,CN(C/C=C/c1ccccc1)Cc1cccc2ccccc12,0,0.7489702
209,C=CC(=O)OCCN(C)C,0,0.28753674
210,O=C1OC(=O)c2cc([N+](=O)[O-])ccc21,0,0.60608524
211,CC(C(=O)c1ccccc1)N(C)C,0,0.37318268
212,CC[C@H]1[C@@H]2C[C@H]3[C@@H]4N(C)c5ccccc5[C@]45C[C@@H](C2[C@H]5O)N3[C@@H]1O,0,0.94678247
213,Nc1ccc(S(=O)(=O)Nc2ccccc2)cc1,0,0.6348871
214,Cc1cc(C(C)(C)C)c(O)c(C)c1CC1=NCCN1,0,0.51411575
215,C[C@@H]1CC[C@H]2C(C)(C)[C@H]3C[C@]21CC[C@@]3(C)O,1,0.30749846
216,CCOC(=O)c1ccccc1C(=O)OCC,0,0.75481516
217,O=C(O)/C=C/C(=O)O,1,0.3902327
218,NCCC[C@H](N)CC(=O)N[C@H]1CNC(=O)[C@H]([C@H]2C[C@H](O)N=C(N)N2)NC(=O)/C(=C/NC(N)=O)NC(=O)[C@H](CO)NC(=O)[C@H](CO)NC1=O,0,0.36108044
219,Oc1cccc2cccnc12,1,0.43248138
220,CC(C(=O)O)c1cccc(C(=O)c2ccccc2)c1,0,0.41019168
221,C[n+]1ccn(CCO)c1.F[B-](F)(F)F,0,0.390403
222,Nc1cccc(N)n1,1,0.4630411
223,COc1ccc([C@@H]2Sc3ccccc3NC(=O)[C@@H]2O)cc1,0,0.5687623
224,COC(=O)NC(=S)Nc1ccccc1NC(=S)NC(=O)OC,0,0.390403
225,CCCCCCCCNC,0,0.390403
226,CC(C)(CC(=O)O)C(=O)O,0,0.27685425
227,CCOP(=S)(OCC)SCn1nnc2ccccc2c1=O,1,0.46113777
228,CC(C)C(C)C,0,0.29160517
229,Oc1ccc(Oc2ccccc2)cc1,1,0.68349165
230,O=C(O)c1cc(Oc2ccc(C(F)(F)F)cc2Cl)ccc1[N+](=O)[O-],1,0.5516782
231,NN,1,0.390403
232,Nc1ccc2c(c1)Cc1ccccc1-2,1,0.60445726
233,Cc1nc2ccccc2s1,0,0.50874287
234,CCCCCBr,0,0.36056086
235,COC(=O)/C=C(\C)OP(=O)(OC)OC,1,0.3789763
236,NC(=O)[C@@H]1C[C@]2(NC(=O)NC2=O)c2cc(F)ccc2O1,0,0.6003098
237,CN1CCc2cc3c(cc2C1O)OCO3,0,0.390403
238,CC1=CCCC(C)(C)C12CCC(C)O2,0,0.31766173
239,Cc1ncc[nH]1,1,0.390403
240,Cc1cc(C)cc([N+](=O)[O-])c1,0,0.2714916
241,CCOC(=O)C1CC(=O)C(=C(O)C2CC2)C(=O)C1,0,0.5276944
242,C[C@@H](CO)NC(=O)[C@@H]1C=C2c3cccc4[nH]cc(c34)C[C@H]2N(C)C1,1,0.4344704
243,CN1CCN(c2cc3c(nn2)Oc2ccccc2N3C)CC1,0,0.7618777
244,CC(=O)Nc1ccc(C)cc1,0,0.390403
245,c1ccc(CCCc2ccccn2)cc1,0,0.696413
246,Cc1ncc(C[n+]2csc(CCOP(=O)(O)OP(=O)(O)O)c2C)c(N)n1,0,0.87934047
247,CCO,0,0.31103638
248,COc1ccc(CCN(C)CCCC(C#N)(c2ccc(OC)c(OC)c2)C(C)C)cc1OC,0,0.23570879
249,Cc1cc(C)c(C)c(O)c1,1,0.41523764
250,CC(=O)c1cnccn1,0,0.41993797
251,CC(C)CCCCCCOC(=O)C1CCCCC1C(=O)OCCCCCCC(C)C,0,0.2934463
252,C=CC/C=C/C,0,0.31376782
253,Nc1cccc(S(=O)(=O)c2cccc(N)c2)c1,0,0.47553465
254,NCC1CCC(C(=O)O)CC1,0,0.29144755
255,CC(C)(C)c1ccc(C(=O)CCCCl)cc1,0,0.51000726
256,C=CC(C)(O)CCC=C(C)C,0,0.31327948
257,CCCCCCCCCCCCOCCOS(=O)(=O)[O-],0,0.30470338
258,CC(Cl)(Cl)Cl,0,0.39969096
259,O=C(O)Cc1c[nH]c2ccccc12,1,0.38191837
260,CCCCC(CC)COC(=O)/C=C\C(=O)OCC(CC)CCCC,1,0.3879847
261,CCN(CC)c1ccc2c(C)cc(=O)oc2c1,1,0.43634978
262,CCc1nn(CCCN2CCN(c3cccc(Cl)c3)CC2)c(=O)n1CCOc1ccccc1,0,0.7485991
263,CO[Si](CCCOCC1CO1)(OC)OC,0,0.30949277
264,CCNc1nc(NC(C)CC)nc(OC)n1,1,0.390403
265,CN(C)C(C)(C)CO,1,0.390403
266,C[C@]12CC[C@@H]3c4ccc(O)cc4CC[C@H]3[C@@H]1C[C@@H](O)[C@@H]2O,1,0.71490526
267,CCCCC(C)C(=O)O,0,0.43461308
268,COc1ccc(COC=O)cc1,0,0.49441576
269,COc1ccc(-c2nc3cc(C4=NNC(=O)CC4C)ccc3[nH]2)cc1,1,0.84136266
270,C[C@H](CCC(=O)O)[C@H]1CC[C@H]2[C@H]3[C@H](CC[C@@]21C)[C@@]1(C)CC[C@@H](O)C[C@H]1C[C@H]3O,1,0.6650083
271,ON=CC=NO,0,0.33328515
272,CCCCCC[C@@H](O)C/C=C\CCCCCCCC(=O)[O-],1,0.47085217
273,C=CCc1ccc2c(c1)OCO2,0,0.390403
274,Fc1ccc([C@@H]2CCNC[C@H]2COc2ccc3c(c2)OCO3)cc1,0,0.306545
275,CC(C)CCCCCCCOC(=O)c1ccc(C(=O)OCCCCCCCC(C)C)c(C(=O)OCCCCCCCC(C)C)c1,1,0.42391714
276,CC(C)NCC(O)c1cc(O)cc(O)c1.CC(C)NCC(O)c1cc(O)cc(O)c1,0,0.390403
277,Nc1cc(S(=O)(=O)[O-])cc2cc(S(=O)(=O)O)cc(O)c12,0,0.5710273
278,CCC(=O)OC(C)c1ccccc1,0,0.31728566
279,CCCOCCC,0,0.31037706
280,NC(=O)Nc1nc2ccccc2[nH]1,0,0.390403
281,COc1cc(C(=O)N2CCCCCCC2)cc(OC)c1OC,0,0.31840408
282,CCOS(C)(=O)=O,0,0.38191837
283,CC#C[C@]1(O)CC[C@H]2[C@@H]3CCC4=CC(=O)CCC4=C3[C@@H](c3ccc(N(C)C)cc3)C[C@@]21C,1,0.31103638
284,CNC(=O)O/N=C/C(C)(C)S(C)=O,0,0.36187842
285,COC(=O)C[C@](O)(CCCC(C)(C)O)C(=O)O[C@@H]1C(OC)=CC23CCCN2CCc2cc4c(cc2[C@H]13)OCO4,1,0.5594337
286,CN(C)c1ccc(N(C)C)cc1,1,0.390403
287,O=C(OCc1ccccc1)c1ccccc1O,1,0.27670804
288,CCCCCCCCCCCCC1CO1,0,0.7815795
289,CC(C)CC(C)(O)C#CC(C)(O)CC(C)C,1,0.23969227
290,COc1c(N2C[C@@H]3CCCN[C@@H]3C2)c(F)cc2c(=O)c(C(=O)O)cn(C3CC3)c12,0,0.27780637
291,Cc1cc2nc3c(=O)[nH]c(=O)nc-3n(C[C@H](O)[C@H](O)[C@H](O)CO)c2cc1C,1,0.5472039
292,O=C(O)CCl,0,0.64868355
293,O=C(NCc1cccnc1)Nc1ccc([N+](=O)[O-])cc1,1,0.390403
294,OCCN1CCN(CCCN2c3ccccc3C=Cc3ccccc32)CC1,0,0.3305002
295,CCOP(=S)(OCC)Oc1ccc(Cl)cc1Cl,1,0.39282778
296,CCNC(=O)[C@@H]1CCCN1C(=O)[C@H](CCCNC(=N)N)NC(=O)[C@H](CC(C)C)NC(=O)[C@@H](Cc1c[nH]c2ccccc12)NC(=O)[C@H](Cc1ccc(O)cc1)NC(=O)[C@H](CO)NC(=O)[C@H](Cc1c[nH]c2ccccc12)NC(=O)[C@H](Cc1c[nH]cn1)NC(=O)[C@@H]1CCC(=O)N1,0,0.19800495
297,CC(C)CCCCCCc1ccc(OCCOCCO)cc1,0,0.34393406
298,N#C[S-],0,0.3879847
299,CCNC(=O)N1CCN(CCCC(c2ccc(F)cc2)c2ccc(F)cc2)CC1,1,0.52859515
300,Cc1ccc(-n2nc(C(C)(C)C)cc2NC(=O)Nc2ccc(OCCN3CCOCC3)c3ccccc23)cc1,1,0.6550546
301,CC(C)SCc1ccco1,0,0.390403
302,CSCC[C@H](NC(=O)[C@H](Cc1ccc(OS(=O)(=O)O)cc1)NC(=O)[C@@H](N)CC(=O)O)C(=O)NCC(=O)N[C@@H](Cc1c[nH]c2ccccc12)C(=O)N[C@@H](CCSC)C(=O)N[C@@H](CC(=O)O)C(=O)N[C@@H](Cc1ccccc1)C(N)=O,1,0.5254181
303,CCCCC(C=O)CC,0,0.69022405
304,Cc1c([N+](=O)[O-])c(C)c([N+](=O)[O-])c(C(C)(C)C)c1[N+](=O)[O-],1,0.69221115
305,Cc1c(N)c(=O)n(-c2ccccc2)n1C,0,0.39248776
306,CCCC(=O)O[C@]1(C(=O)COC(=O)CC)[C@@H](C)C[C@H]2[C@@H]3CCC4=CC(=O)C=C[C@]4(C)[C@@]3(F)[C@@H](O)C[C@@]21C,1,0.6252328
307,OCCc1ccccc1,1,0.390403
308,CO[C@H]1C=CO[C@@]2(C)Oc3c(C)c(O)c4c(O)c(c5c(nc6cc(C)ccn65)c4c3C2=O)NC(=O)C(C)=CC=C[C@H](C)[C@H](O)[C@@H](C)[C@@H](O)[C@@H](C)[C@H](OC(C)=O)[C@@H]1C,0,0.31539136
309,CCN1CCC[C@H]1CNC(=O)c1c(O)c(Cl)cc(Cl)c1OC,0,0.2956697
310,CCOc1cccc(N)c1,0,0.35586864
311,CC(C)COCC(CN(Cc1ccccc1)c1ccccc1)N1CCCC1,0,0.31052312
312,Nc1cccc(Cl)c1,0,0.5279431
313,CCC1CCC(CCC(=O)O)C1,1,0.30512932
314,Cc1nnc2n1-c1sc(CCC(=O)N3CCOCC3)cc1C(c1ccccc1Cl)=NC2,0,0.42277172
315,CCOC(=O)N1CCC(=O)CC1,0,0.44889075
316,CCCCN(CCCC)c1ccc(C(=O)c2ccccc2C(=O)O)c(O)c1,1,0.41413784
317,C/C=C(/C)C#N,0,0.3257744
318,CN1CCN(c2c(F)cc3c(=O)c(C(=O)O)cn4c3c2SCC4)CC1,0,0.39340162
319,CC(=O)OCC(=O)[C@@]1(O)CCC2C3CCC4=CC(=O)CC[C@]4(C)C3[C@@H](O)C[C@@]21C,1,0.61145943
320,O=C1N(c2ccccc2)c2ccccc2C1(Cc1ccncc1)Cc1ccncc1,0,0.7282669
321,CC[C@H]1CN2CCc3cc(OC)c(OC)cc3[C@@H]2C[C@@H]1C[C@H]1NCCc2cc(OC)c(OC)cc21,1,0.27439743
322,CCC(=O)C(CCN(C)C)(c1ccccc1)c1ccccc1,0,0.4470675
323,Nc1cc(Cl)c(NC2=NCCN2)c(Cl)c1,0,0.3190984
324,O=S(=O)(c1ccccc1)c1ccccc1,0,0.62172896
325,C=C(C)C(=O)OCC(C)C,0,0.31598035
326,COc1nc(C)nc(NC(=O)NS(=O)(=O)c2ccccc2OCCCl)n1,0,0.16001554
327,CCC(=O)OCC(=O)[C@@]1(OC(=O)CC)[C@H](C)C[C@H]2[C@H]3[C@H]([C@@H](O)C[C@@]21C)[C@@]1(C)C=CC(=O)C=C1C[C@H]3Cl,1,0.6252328
328,Clc1ccccn1,0,0.17563444
329,N#CN,0,0.29581892
330,CCN1CCCC1CNC(=O)c1cc(S(=O)(=O)CC)ccc1OC,1,0.28476393
331,CC1(C)C[C@@H]1C(=O)N/C(=C\CCCCSC[C@H](N)C(=O)O)C(=O)[O-],0,0.27892828
332,O=C1c2c(O)cccc2Cc2cccc(O)c21,0,0.91189986
333,Cc1cc(O)c2c(c1)C(=O)c1cc(O)cc(O)c1C2=O,1,0.9716418
334,N#CC(C#N)=Cc1cc(O)c(O)c(O)c1,0,0.8445006
335,COC(=O)C1=C(C)NC(C)=C(C(=O)OC(C)(C)CN(C)CCC(c2ccccc2)c2ccccc2)C1c1cccc([N+](=O)[O-])c1,1,0.67638713
336,Cc1ccccc1N1C(=O)c2cc(S(N)(=O)=O)c(Cl)cc2NC1C,0,0.4647964
337,COP(=S)(NC(C)C)Oc1ccc(C)cc1[N+](=O)[O-],1,0.45090386
338,CC(O)CCO,1,0.30035248
339,CC(CN1c2ccccc2Sc2cccnc21)N(C)C,0,0.390403
340,O=S(=O)([O-])CCCS(=O)(=O)[O-],0,0.38191837
341,COCCOCCOC,0,0.3123935
342,NC1=NC(=O)N2CC12,0,0.22496417
343,O=C(Nc1ccccc1)Nc1ccnc(Cl)c1,1,0.43788067
344,CC(C)OC(=O)OCOP(=O)(CO[C@H](C)Cn1cnc2c(N)ncnc21)OCOC(=O)OC(C)C,0,0.4551367
345,O=C(O)CCCCCCCC(=O)O,1,0.33328515
346,C[C@H]1CN(c2c(F)c(F)c3c(=O)c(C(=O)O)cn(C4CC4)c3c2F)C[C@@H](C)N1,1,0.40071923
347,CC(NC(CCc1ccccc1)C(=O)O)C(=O)N1C(=O)N(C)CC1C(=O)O,0,0.29125226
348,NCc1ccccc1,0,0.31520724
349,NCc1ccccc1Sc1ccccc1CO,0,0.390403
350,C1OCOCO1,0,0.390403
351,Cc1cccc(Nc2ccncc2S(=O)(=O)NC(=O)NC(C)C)c1,0,0.390403
352,CCCCCCC(=O)c1ccccc1,0,0.5126991
353,CCCCCCCC(=O)OC,0,0.41281494
354,O=[N+]([O-])c1ccc(F)c(Cl)c1,0,0.6746092
355,C[C@H]1C[C@H]2[C@@H]3CC[C@](O)(C(=O)COC(=O)CCC(=O)[O-])[C@@]3(C)C[C@H](O)[C@@H]2[C@@]2(C)C=CC(=O)C=C12,1,0.8160909
356,CC(C)c1ccc2ncccc2c1,0,0.5555328
357,Cc1c(F)cc2c(=O)c(C(=O)O)cn3c2c1CCC3C,0,0.4781793
358,Cc1nc2n(c(=O)c1CCN1CCC(c3noc4cc(F)ccc34)CC1)CCC[C@H]2O,0,0.5160037
359,c1ccc(C2CC2)c(OCC2=NCCN2)c1,0,0.3403555
360,O=[N+]([O-])c1ccc2ncccc2c1,1,0.2879888
361,OC1CCCCC1c1ccccc1,0,0.390403
362,COc1ccc(/C=C/C(=O)O)cc1,0,0.3095092
363,CCOC(=O)c1ccccc1OC,0,0.42739198
364,O=C(Oc1ccccc1)c1cccc(C(=O)Oc2ccccc2)c1,1,0.62916327
365,CCc1c(C)[nH]c2c1C(=O)C(CN1CCOCC1)CC2,0,0.12931377
366,CCc1cc2c(s1)-n1c(C)nnc1CN=C2c1ccccc1Cl,1,0.4757966
367,CCOC(=O)CC(SP(=S)(OC)OC)C(=O)OCC,0,0.3879847
368,CCOC(=O)Nc1ccc2c(c1)N(C(=O)CCN1CCOCC1)c1ccccc1S2,1,0.69393116
369,O=C([O-])[C@H](O)[C@H](O)[C@@H](O)[C@H](O)[C@H](O)CO,0,0.390403
370,CNC(C)CC1CCCCC1,0,0.34910455
371,CN1C[C@H]2c3ccccc3Oc3ccc(Cl)cc3[C@@H]2C1,0,0.407876
372,FC(Cl)(Cl)C(F)(Cl)Cl,0,0.40645233
373,C=CCC1=C(C)[C@@H](OC(=O)[C@@H]2[C@@H](C=C(C)C)C2(C)C)CC1=O,0,0.55751437
374,O=C(O)C(Cl)(Cl)Cl,0,0.390403
375,Cc1cccc(NC(=S)N(C)C)c1,0,0.6230386
376,CCOC(=O)/C=C/C(=O)OCC,1,0.3879847
377,Cc1cc2nc3ccc(N(C)C)cc3[s+]c2cc1N,1,0.56112725
378,NC(=O)c1cccnc1,0,0.25857812
379,CC(C)C(=O)c1ccccc1,0,0.46786135
380,OC[C@H]1O[C@@H](OCCc2ccc(O)cc2)[C@H](O)[C@@H](O)[C@@H]1O,0,0.30750236
381,CC[C@H]1C[C@H]2[C@@H]3CCC4=CC(=O)CC[C@@H]4[C@H]3CC[C@]2(C)[C@H]1O,1,0.8079049
382,O=C(c1ccc(Cl)cc1)c1ccc(Cl)cc1,0,0.53568727
383,Cc1cc(C)cc(OP(=O)(Oc2cc(C)cc(C)c2)Oc2cc(C)cc(C)c2)c1,1,0.390403
384,CC1=NN(c2cccc(S(=O)(=O)O)c2)C(=O)C1,0,0.7321139
385,CC(C)(C1CCC(O)CC1)C1CCC(O)CC1,1,0.29943222
386,CCCCOc1cc(C(=O)NCCN(CC)CC)c2ccccc2n1,0,0.40543917
387,C=C(NC(=O)C(=C)NC(=O)c1csc(C2=NC3c4csc(n4)C4NC(=O)c5csc(n5)C(C(C)(O)C(C)O)NC(=O)C5CSC(=N5)/C(=C\C)NC(=O)C(C(C)O)NC(=O)c5csc(n5)C3(CC2)NC(=O)C(C)NC(=O)C(=C)NC(=O)C(C)NC(=O)C(C(C)CC)NC2C=Cc3c(C(C)O)cc(nc3C2O)C(=O)OC4C)n1)C(N)=O,1,0.736489
388,OCC(CO)N[C@H]1C[C@](O)(CO)[C@@H](O)[C@H](O)[C@H]1O,1,0.2431511
389,O=[N+]([O-])c1ccc([As](=O)(O)O)cc1,0,0.6060872
390,CCOCCO,0,0.30938923
391,CCCCCCCCCCCCN1CCOCC1,0,0.390403
392,CCCCC/C=C\C=C\C(=O)OCC,1,0.47553465
393,CC(C)c1ccccc1C(C)C,0,0.3990661
394,O=[N+]([O-])O[Cd]O[N+](=O)[O-],1,0.3100284
395,O=C1c2c(O)ccc(Nc3ccc(CCO)cc3)c2C(=O)c2c([N+](=O)[O-])ccc(O)c21,1,0.82678926
396,O=C1CCCN1CCO,0,0.36306354
397,Clc1ccc2c(c1)C(c1ccccc1)=NCc1nncn1-2,0,0.5899344
398,IC(I)I,1,0.972524
399,CCCCCCCCCC(=O)O[C@H]1CC[C@H]2[C@@H]3CCC4=CC(=O)CC[C@]4(C)[C@H]3CC[C@]12C,1,0.8795197
400,O=C(c1ccccc1)C(O)c1ccccc1,0,0.4897047
401,CN1CCC(Nc2ncc3ncnc(Nc4ccc(F)c(Cl)c4)c3n2)CC1,1,0.4221878
402,C=C(C)C(=O)OCCCCCCOC(=O)C(=C)C,1,0.29374468
403,CC[C@]12CCCN3CCc4c(n(c5ccccc45)[C@@](O)(C(=O)OC)C1)[C@@H]32,0,0.41697297
404,Nc1ccc(S(=O)(=O)O)c(N)c1,0,0.7650082
405,CC(=O)N1CCN(c2ccc(O)cc2)CC1,1,0.61025137
406,C=C(C)C(=O)OCC(C)(C)COC(=O)C(=C)C,0,0.3879847
407,CCC(=O)N(c1ccccc1)C1CCN(Cc2ccccc2)CC1,0,0.41281494
408,CCCCCCOc1ccc(C(=N)N(CCCC)CCCC)c2ccccc12,0,0.4226873
409,CNC(=O)CSP(=S)(OC)OC,0,0.7407626
410,C[C@@H]1O[C@@H](OC[C@H]2O[C@@H](Oc3c(-c4ccc(OCCO)c(OCCO)c4)oc4cc(OCCO)cc(O)c4c3=O)[C@H](O)[C@@H](O)[C@@H]2O)[C@H](O)[C@H](O)[C@H]1O,0,0.31327948
411,CCCCN1C[C@H](O)[C@@H](O)[C@H](O)[C@H]1CO,0,0.1757524
412,C=CC(C)(CCC=C(C)C)OC(=O)CC(C)C,0,0.47147137
413,CCN(CC)c1cccc(O)c1,1,0.7403266
414,O=C(O)c1ccc(Cl)c(Cl)c1,0,0.37553924
415,CCn1cc(C(=O)O)c(=O)c2cc(F)c(N3CCNCC3)nc21,0,0.24858747
416,O=[N+]([O-])c1ccc(O)c([N+](=O)[O-])c1,1,0.515127
417,CCCCCCCCCCCCCCCCC(C(=O)O)C(O)(CC(=O)O)C(=O)O,0,0.6960596
418,CC1OCCC1=O,0,0.78891915
419,CCC(=O)O[C@@](Cc1ccccc1)(c1ccccc1)[C@@H](C)CN(C)C.O=S(=O)(O)c1ccc2ccccc2c1,0,0.30404764
420,C[C@@H](N)[C@@H](O)c1ccccc1,0,0.3337266
421,COC(=O)CC(=O)C(C)(C)C,0,0.2916079
422,ClCCCl,0,0.390403
423,N=C(N)NS(=O)(=O)c1ccc(N)cc1,0,0.31466374
424,CCOC(=O)c1cnc2c(cnn2CC)c1NN=C(C)C,1,0.44889382
425,CCCCCCCCCCCCOC(=O)c1ccc(O)cc1,1,0.42229798
426,Nc1cc(C(=O)O)c(O)c(S(=O)(=O)O)c1,0,0.65645474
427,O=S1OCCO1,0,0.38191837
428,C=CC(=O)OCC(CC)(COC(=O)C=C)COC(=O)C=C,1,0.390403
429,C1CC2OC2CC1C1CO1,0,0.96930057
430,Cc1cccc2[nH]nnc12,0,0.55021626
431,CCCC[n+]1cccc(C)c1.F[B-](F)(F)F,0,0.41889066
432,CCCC(CC)c1ccccc1,0,0.39825118
433,N#Cc1cccc(C#N)c1,0,0.31249055
434,CC1(C)[C@@H](C=C(Br)Br)[C@H]1C(=O)O[C@H](C#N)c1cccc(Oc2ccccc2)c1,1,0.3962408
435,c1ccc(-c2ccccc2)cc1,0,0.6098646
436,c1ccc(-c2cccc(-c3ccccc3)c2)cc1,1,0.817709
437,COP(=S)(OC)Oc1nc(Cl)c(Cl)cc1Cl,1,0.390403
438,CCCc1ccc(OCC(=O)N2CCN(C(=O)COc3ccc(CCC)cc3OC)CC2)c(OC)c1,1,0.5551396
439,CN[C@]1(c2ccccc2Cl)CCCCC1=O,0,0.41281494
440,CN(C)Cc1ccccc1,0,0.31327948
441,C#CC(C)(C)O,0,0.17057069
442,C[N+](C)(C)CC[N+]1(C)Cc2c(Cl)c(Cl)c(Cl)c(Cl)c2C1,1,0.36059585
443,NS(=O)(=O)c1ccc(N2CCCCS2(=O)=O)cc1,0,0.390403
444,Clc1ccc2cc3ccccc3cc2c1,1,0.682912
445,CC[C@@H](C(=O)[C@@H](C)[C@@H](O)[C@H](C)[C@@H]1O[C@@H]([C@@H](CC)C(=O)O)[C@@H](C)C[C@@H]1C)[C@H]1O[C@]2(C=C[C@@H](O)[C@]3(CC[C@@](C)([C@H]4CC[C@](O)(CC)[C@H](C)O4)O3)O2)[C@H](C)C[C@@H]1C,1,0.390403
446,OC(c1ccc(Cl)cc1)(c1cncnc1)c1ccccc1Cl,1,0.83203703
447,Nc1ccccc1O,1,0.5383822
448,CCCCOC(=O)CCS,0,0.390403
449,CC(=O)O[C@]1(C(C)=O)CC[C@H]2[C@@H]3C[C@H](C)C4=CC(=O)CC[C@]4(C)[C@H]3CC[C@@]21C,1,0.82756895
450,Cc1ccccc1/N=N/c1ccc(/N=N/c2c(O)ccc3ccccc23)c(C)c1,1,0.46955186
451,COc1nc(N)nc2nc[nH]c12,1,0.42358637
452,Clc1ccc(Nc2nnc(Cc3ccncc3)c3ccccc23)cc1,1,0.87460214
453,C/C=C/C=C/CO,0,0.42128658
454,OCCC1CCCCN1,0,0.3203592
455,Nc1ccn(C2CO[C@H](CO)O2)c(=O)n1,0,0.29089698
456,CC(=O)OCC(=O)[C@@]12OC(C)(C)O[C@@H]1C[C@H]1[C@@H]3C[C@H](F)C4=CC(=O)C=C[C@]4(C)[C@@]3(F)[C@@H](O)C[C@@]12C,1,0.27775517
457,Oc1ccc(C2CNCCc3c2cc(O)c(O)c3Cl)cc1,1,0.76600444
458,CCCCCC[C@@H](O)C/C=C\CCCCCCCC(=O)OC,0,0.41281494
459,C[C@@H]1O[C@@H](O[C@H]2C[C@@H](O)[C@]3(CO)[C@H]4[C@H](O)C[C@]5(C)[C@@H](C6=CC(=O)OC6)CC[C@]5(O)[C@@H]4CC[C@]3(O)C2)[C@H](O)[C@H](O)[C@H]1O,1,0.649825
460,CC(C)N(CCO)C(C)C,0,0.30979416
461,CCc1c(C(=O)NN2CCCCC2)nn(-c2ccc(Cl)cc2Cl)c1-c1ccc(Br)cc1,1,0.23024634
462,CCC(C)(C)c1cc(-n2nc3ccccc3n2)c(O)c(C(C)(C)CC)c1,0,0.51552147
463,Cc1ccc(O)c([N+](=O)[O-])c1,0,0.2956697
464,CCCCCNC(=N)N/N=C/c1c[nH]c2ccc(OC)cc12,0,0.5434624
465,CC1COc2ccccc2N1,1,0.31040004
466,CC1CC(O)CC(C)(C)C1,0,0.31103638
467,O=[N+]([O-])c1ccc2c3c(cccc13)CC2,1,0.45913526
468,C[C@]12C[C@H](O)[C@@]3(F)[C@@H](CCC4=CC(=O)C=C[C@@]43C)[C@@H]1C[C@@H](O)[C@]2(O)C(=O)CO,1,0.82776475
469,Nc1ccccc1C(=O)O,0,0.41221207
470,ClC(Cl)=C(c1ccc(Cl)cc1)c1ccc(Cl)cc1,1,0.8273419
471,CN(C(=O)CCCOc1ccc2[nH]c(=O)ccc2c1)C1CCCCC1,1,0.5990457
472,Oc1ccc(Cl)cc1Sc1cc(Cl)ccc1O,1,0.5450509
473,CCCCCO,0,0.31015486
474,NC(=O)N(O)[C@@H]1COc2cc(OCc3ccccc3)ccc21,1,0.390403
475,C#C[C@]1(O)CC[C@H]2[C@@H]3CCC4=CC(=O)CCC4=C3C=C[C@@]21CC,1,0.9494415
476,C[C@H]1C[C@H]2[C@@H]3CC[C@](O)(C(=O)CO)[C@@]3(C)C[C@H](O)[C@@H]2[C@@]2(C)C=CC(=O)C=C12,1,0.8340851
477,CN1COCN(Cc2cnc(Cl)s2)C1=N[N+](=O)[O-],0,0.390403
478,CCCCC[Si](OCC)(OCC)OCC,0,0.31343004
479,CCOC(=O)CC(=O)CCl,1,0.3092066
480,Oc1ccc2cc(SSc3ccc4cc(O)ccc4c3)ccc2c1,1,0.931791
481,CC(C)(CO)[N+](=O)[O-],1,0.31217661
482,CC1=CCC2CC1C2(C)C,0,0.3893117
483,O=Cc1ccco1,1,0.27601266
484,CN(C)CCOc1ccccc1Cc1ccccc1.Nc1ccc(C(=O)O)c(O)c1,0,0.4203738
485,CN1C(=O)[C@@H](NC(=O)c2cc3ccccc3[nH]2)N=C(c2ccccc2)c2ccccc21,1,0.44204843
486,CN(C)CCCN(C)CCCN(C)C,0,0.31103638
487,CCCOC(=O)NCCCN(C)C,0,0.30654734
488,CN1C(CCl)Nc2cc(Cl)c(S(N)(=O)=O)cc2S1(=O)=O,1,0.31272542
489,N[C@H]1CN(c2c(F)cc3c(=O)c(C(=O)O)cn(C4C[C@H]4F)c3c2Cl)CC12CC2,0,0.30428353
490,O=c1ccc2cc(O[C@@H]3O[C@H](CO)[C@@H](O)[C@H](O)[C@H]3O)c(O)cc2o1,1,0.52754134
491,CCCCCCCN,0,0.3682167
492,O=C(O)c1ccc(OCCCOc2ccc(C(=O)O)cc2)cc1,0,0.39171886
493,COc1cc(OC)nc(Sc2cccc(Cl)c2C(=O)[O-])n1,0,0.7242562
494,Nc1c(Br)cc([N+](=O)[O-])cc1[N+](=O)[O-],1,0.71738654
495,CC[N+]1(CC)CCC(=C(c2ccccc2)c2ccccc2)C1C,0,0.28221673
496,O=NN(CCO)CCO,0,0.42405257
497,[O-][n+]1ccccc1S[Zn]Sc1cccc[n+]1[O-],1,0.390403
498,NCCOCCO,0,0.3051791
499,CC(C)C1CCC(Cc2ccc(Cl)cc2)C1(O)Cn1cncn1,1,0.30652618
500,COc1cc2[nH]c(C)c(CCN3CCN(c4ccccc4)CC3)c2cc1OC,0,0.588994
501,C=C(C)C#N,0,0.3179807
502,CCCCC(CC)COC(=O)COc1cc(Cl)c(Cl)cc1Cl,0,0.35766137
503,O=c1nn[nH]c2ccccc12,0,0.4380973
504,N#Cc1sc2c(=O)c3ccccc3c(=O)c=2sc1C#N,1,0.5650374
505,CC(C)=CCC[C@@](C)(O)[C@H]1CC=C(C)CC1,0,0.39506075
506,Cc1ccc(N)cc1Cl,0,0.43669832
507,Cc1ccc2c(n1)Oc1ccc(C(C)C(=O)OCC(=O)N(C)C)cc1C2,1,0.72499216
508,CN[C@H]1C[C@@H](N)[C@H](O)[C@@H](O[C@@H]2O[C@H](CO)[C@H](O)[C@@H]3OC4(O[C@H]23)O[C@H](C(N)CO)[C@H](O)[C@H](O)[C@H]4O)[C@@H]1O,0,0.390403
509,CCCCCCOCCOCCO,0,0.29367822
510,CCCc1ccc(N)cc1,0,0.390403
511,CC(C)(C)c1cc(CO)cc(C(C)(C)C)c1O,1,0.32271612
512,C=CC(C)(CCC=C(C)C)OC(=O)CC,0,0.47147137
513,CC(C)C(Nc1ccc(C(F)(F)F)cc1Cl)C(=O)OC(C#N)c1cccc(Oc2ccccc2)c1,1,0.66010326
514,CNC[C@H](O)[C@@H](O)[C@H](O)[C@H](O)CO,1,0.390403
515,CCCCc1ccc2cccc(S(=O)(=O)[O-])c2c1,0,0.4957458
516,CCOC(=O)C1=NOC(c2ccccc2)(c2ccccc2)C1,0,0.5991834
517,COC(C(=O)O)c1ccccc1,0,0.3095092
518,CN(C)c1ccc(CCO)cc1,0,0.57048047
519,CCN1C[C@@]2(COC)[C@H]3[C@@H](OC)[C@H]4C1[C@]3([C@@H](OC)C[C@H]2O)[C@@H]1C[C@]2(O)[C@@H](OC)[C@H](O)[C@@]4(OC(C)=O)[C@H]1[C@H]2OC(=O)c1ccccc1,0,0.4736567
520,COc1ccc(C)cc1[N+](=O)[O-],0,0.53827554
521,c1ccc2cc3c(ccc4ccccc43)cc2c1,1,0.912472
522,CC1(C)S[C@@H]2[C@H](NC(=O)[C@H](NC(=O)N3CCN(S(C)(=O)=O)C3=O)c3ccccc3)C(=O)N2[C@H]1C(=O)O,1,0.390403
523,CC(C)(CO)[C@@H](O)C(=O)NCCC(=O)[O-].CC(C)(CO)[C@@H](O)C(=O)NCCC(=O)[O-],1,0.390403
524,CCC1(CC)C(=O)NC(=O)NC1=O,0,0.1912955
525,c1cc2c(c(NC3=NCCN3)c1)CCCC2,0,0.390403
526,Nc1ccc(-c2ccc(F)cc2)cc1,1,0.68763053
527,CN1CCN2c3ccccc3Cc3ccccc3C2C1,0,0.390403
528,COC(C)(C)CCCC(C)C/C=C/C(C)=C/C(=O)OC(C)C,1,0.390403
529,O=Cc1cc2ccccc2o1,0,0.29973572
530,O=C(O)c1cn(C2CC2)c2cc(N3CCNCC3)c(F)cc2c1=O,0,0.32299578
531,CCO[C@@H]1O[C@H](C(COCc2ccccc2)OCc2ccccc2)[C@H](OCc2ccccc2)[C@H]1O,0,0.390403
532,CC(=O)OC(C)OC(=O)C(C)c1ccc(-c2ccccc2)c(F)c1,0,0.5880176
533,CCOP(=S)(OCC)SCCSCC,0,0.48749378
534,CO[C@H]1C[C@H](O[C@H]2[C@H](C)O[C@@H](O[C@@H]3C(C)=CC[C@@H]4C[C@@H](C[C@]5(C=C[C@H](C)[C@@H](C6CCCCC6)O5)O4)OC(=O)[C@@H]4C=C(C)[C@@H](O)[C@H]5OCC(=CC=C[C@@H]3C)[C@@]45O)C[C@@H]2OC)O[C@@H](C)[C@@H]1O,1,0.390403
535,CCCCCCCCS(=O)(=O)Cl,1,0.33328515
536,O=C(O)CCC(=O)c1ccc(-c2ccccc2)cc1,0,0.55423206
537,O=C1c2ccccc2C(=O)C1(O)O,1,0.6386384
538,CCC(C)(C)C1CCC(O)CC1,0,0.31103638
539,Cn1ccc2cc3c(cc21)CCN3C(=O)Nc1cccnc1,1,0.71129525
540,C=CC[N+](C)(C)CC=C,0,0.390403
541,Oc1ccc(C(c2ccc(O)cc2)C(Cl)(Cl)Cl)cc1,1,0.86486995
542,Nc1ccc([As](=O)([O-])O)cc1,0,0.43193483
543,CN1CCC[C@@H]1Cc1c[nH]c2ccc(CCS(=O)(=O)c3ccccc3)cc12,0,0.28301477
544,CC[n+]1ccccc1.O=S(=O)([O-])C(F)(F)F,0,0.3881877
545,C=C(C)C(=O)OCC1CCCO1,0,0.5493595
546,CCC(C(=O)NC(=O)NC(C)=O)c1ccccc1,0,0.47421306
547,CCN(CC)C(=O)c1ccc(O)c(OC)c1,0,0.390403
548,CCCCOCCOC(=O)COc1ccc(Cl)cc1Cl,0,0.30670014
549,CC(C)(C)c1ccc(OC(=O)c2ccccc2O)cc1,1,0.60184103
550,CCCO[Si](OCCC)(OCCC)OCCC,0,0.38191837
551,CCN(CC)C(=O)c1cccnc1,0,0.41680166
552,c1ccc2c(c1)ccc1c3ccccc3ccc21,1,0.60796547
553,C[N+]([O-])(CCCl)CCCl,0,0.41523764
554,CN(C)CCOc1ccc(/C(=C(/CCCl)c2ccccc2)c2ccccc2)cc1.O=C(O)CC(O)(CC(=O)O)C(=O)O,1,0.33327723
555,CCCNC(=O)NS(=O)(=O)c1ccc(Cl)cc1,0,0.390403
556,Cc1c(N)nc(C(CC(N)=O)NCC(N)C(N)=O)nc1C(=O)NC(C(=O)NC(C)C(O)C(C)C(=O)NC(C(=O)NCCc1nc(-c2nc(C(=O)NCCCN[C@@H](C)c3ccccc3)cs2)cs1)C(C)O)C(O[C@@H]1O[C@@H](CO)[C@@H](O)[C@H](O)[C@@H]1O[C@H]1O[C@H](CO)[C@@H](O)[C@H](OC(N)=O)[C@@H]1O)c1c[nH]cn1,1,0.67957324
557,CCN(CC)CCOC(=O)C(c1ccccc1)c1ccccc1,0,0.390403
558,O=C(OCCO)c1ccccc1O,0,0.33379567
559,Brc1ccccc1,0,0.37775093
560,OC[C@H]1O[C@H](O[C@@H]2[C@@H](CO)O[C@H](O[C@@H]3[C@@H](CO)O[C@H](O)[C@H](O)[C@H]3O)[C@H](O)[C@H]2O)[C@H](O)[C@@H](O)[C@@H]1O,1,0.390403
561,CCCCC(CC)COC(=O)CS,0,0.390403
562,COc1cc([C@@H]2c3cc4c(cc3[C@H](O)[C@H]3COC(=O)[C@H]23)OCO4)cc(OC)c1OC,1,0.7618777
563,C=C[Si](OC)(OC)OC,0,0.38191837
564,CCCN(CCc1cccs1)[C@H]1CCc2c(O)cccc2C1,0,0.43287194
565,NC(=O)NS(=O)(=O)c1ccc(Cl)cc1,0,0.3263033
566,COc1ccc(CCC(C)=O)cc1,0,0.41281494
567,N=C(N)NC(=O)Cc1c(Cl)cccc1Cl,0,0.31412125
568,Cc1nc2ccccc2n1Cc1ccc(Cl)cc1,1,0.58561784
569,CC(C)(C)C(=O)CCc1ccc(Cl)cc1,0,0.5285229
570,CC1=CC[C@@H]2C[C@H]1C2(C)C,0,0.4018986
571,Nc1nc(=O)c(Br)c(-c2ccccc2)[nH]1,0,0.43467814
572,CC[N+]1(C)CCCC1.F[B-](F)(F)F,0,0.390403
573,Cc1ccc(C(=O)O)cc1,0,0.2553908
574,Cc1cccc(C)c1O,0,0.5516474
575,CCN[C@@H]1C[C@H](N)[C@@H](OC2OC(CN)=CCC2N)[C@H](O)[C@H]1O[C@H]1OC[C@](C)(O)[C@H](NC)[C@H]1O.CCN[C@@H]1C[C@H](N)[C@@H](OC2OC(CN)=CCC2N)[C@H](O)[C@H]1O[C@H]1OC[C@](C)(O)[C@H](NC)[C@H]1O,0,0.14564343
576,COC(=O)/C=C\C(=O)OC,1,0.25875247
577,Clc1ccc(COC(Cn2ccnc2)c2ccc(Cl)cc2Cl)c(Cl)c1,1,0.75327355
578,CC(C)(C)NC(N)=O,0,0.20151196
579,CC=C1CC2C=CC1C2,0,0.43649778
580,Cc1ccc(-c2nc3ccc(C)cn3c2CC(=O)N(C)C)cc1,1,0.40698323
581,Nc1cc(Cl)c([N+](=O)[O-])cc1O,1,0.41281494
582,Cc1cc(=O)[nH]c(=S)[nH]1,1,0.390403
583,CC(C)(C)C(=O)C(Oc1ccc(Cl)cc1)n1ccnc1,1,0.62493086
584,CO[C@H](C(=O)[C@@H](O)[C@@H](C)O)C1Cc2cc3cc(O[C@H]4C[C@@H](O[C@H]5C[C@@H](O)[C@H](O)[C@@H](C)O5)[C@@H](O)[C@@H](C)O4)c(C)c(O)c3c(O)c2C(=O)[C@H]1O[C@H]1C[C@@H](O[C@H]2C[C@@H](O[C@H]3C[C@](C)(O)[C@H](O)[C@@H](C)O3)[C@H](O)[C@@H](C)O2)[C@H](O)[C@@H](C)O1,1,0.44321248
585,CCC(=O)OC(C)(C)C1CC=C(C)CC1,0,0.47147137
586,O=C(O)Cc1csc(-c2ccc(Cl)cc2)n1,0,0.8665698
587,COc1ccc(C=CC(=O)c2ccc(OC)cc2OC)cc1,1,0.6161489
588,CC(C)(C)c1ccc(CN2CCN(C(c3ccccc3)c3ccc(Cl)cc3)CC2)cc1,1,0.5667182
589,C=COCCCCO,0,0.30817884
590,Clc1cnc(Oc2ccc(Oc3ncc(Cl)cc3Cl)cc2)c(Cl)c1,1,0.390403
591,ClCc1cccnc1,0,0.39171886
592,CCNc1nc(NC(C)C(C)C)nc(SC)n1,1,0.390403
593,CC(C)(C)C(=O)CCl,0,0.96088934
594,c1coc(-c2nc3ccccc3[nH]2)c1,1,0.51572865
595,CC(C)(O)C#N,0,0.29325292
596,O=C([O-])COc1ccc(Cl)cc1Cl,0,0.41281494
597,CCCCOC(=O)c1ccccc1C(=O)OCC(CC)CCCC,0,0.8413218
598,[Hg+2],1,0.38191837
599,Cc1cnc2c(C(=O)O)c(Cl)ccc2c1,0,0.3156387
600,CC(O)C(C)O,0,0.29943222
601,N[C@H]1C(O)O[C@H](CO)[C@@H](O)[C@@H]1O,1,0.28056484
602,CO[C@]1(NC(=O)CSC(F)F)C(=O)N2C(C(=O)O)=C(CSc3nnnn3CCO)CO[C@H]21,0,0.28275484
603,O=C1Nc2ccc(Cl)cc2C(c2ccccc2)=NC1O,1,0.4105995
604,O=C1CCC(N2C(=O)c3ccccc3C2=O)C(=O)N1,0,0.60236007
605,CCCCOCN(C(=O)CCl)c1c(CC)cccc1CC,1,0.6226422
606,COC(C=C(C)CCC=C(C)C)OC,0,0.42731765
607,CCc1nn(C)c(C(=O)NCc2ccc(C(C)(C)C)cc2)c1Cl,1,0.65170634
608,CCCCC(=O)Cl,0,0.6577303
609,Cc1cc(-c2ccc(/N=N/c3ccc4c(S(=O)(=O)[O-])cc(S(=O)(=O)[O-])c(N)c4c3O)c(C)c2)ccc1/N=N/c1ccc2c(S(=O)(=O)[O-])cc(S(=O)(=O)[O-])c(N)c2c1O,0,0.736489
610,CCCC[N+]1(C)CCCC1.N#CN=C=[N-],0,0.2911607
611,CC(C)N1C(=O)c2ccccc2NS1(=O)=O,1,0.41281494
612,CC(O)c1ccccc1,0,0.390403
613,Cc1nc([N+](=O)[O-])cn1-c1ccc([N+](=O)[O-])cc1,0,0.73141724
614,O=C1N=C2SCCN2C(=O)C1Cc1ccc(Cl)cc1,0,0.2920214
615,N[C@@H](Cc1ccc(Oc2cc(I)c(O)c(I)c2)c(I)c1)C(=O)O,1,0.6468451
616,CCC1(C)CC(=O)NC1=O,0,0.5537532
617,CC(C)CCCCCCOC(=O)c1ccccc1C(=O)OCCCCCCC(C)C,0,0.42688084
618,Oc1cccc(O)c1,0,0.5472059
619,O=S(=O)(O)NC1CCCCC1,0,0.34910455
620,CC(C)[C@H](C(=O)O[C@H](C#N)c1cccc(Oc2ccccc2)c1)c1ccc(Cl)cc1,0,0.93112713
621,Nc1ccc(Oc2ccc(N)cc2)cc1,1,0.81608176
622,Cc1cc(Cl)ccc1O,1,0.63657004
623,COc1cc(C(=O)NCc2ccc(OCCN(C)C)cc2)cc(OC)c1OC,0,0.450145
624,CC(CN1c2ccccc2Sc2ccccc21)N(C)C,0,0.8184277
625,CCCCSP(=O)(SCCCC)SCCCC,0,0.36108044
626,CC(C)(C)c1ccc(O)cc1,1,0.57294345
627,COc1cc(C(C)(C)C)c(O)c(C(C)(C)C)c1,1,0.5456206
628,CN(C)C(=O)CNC(=O)Cc1ccccc1,0,0.4046471
629,C=C(C)[C@H]1CC=C(C)CC1,0,0.390403
630,CC(C)CC(=O)OCc1ccccc1,0,0.31598035
631,CC(=O)Nc1ncc([N+](=O)[O-])s1,0,0.7418639
632,CC(=O)OCC1=C(C(=O)O)N2C(=O)[C@@H](NC(=O)Cc3cccs3)[C@H]2SC1,1,0.38212618
633,Cn1c(=O)c2[nH]cnc2n(C)c1=O,1,0.33788165
634,CC(C)CCON=O,0,0.31267974
635,Sc1nc2ccccc2s1,1,0.8807539
636,CC(C)CP(=S)([S-])CC(C)C,1,0.38191837
637,OC1CCCCCCCCCCC1,1,0.31103638
638,COC(=O)/C=C\C(=O)O,1,0.31327948
639,CC(=O)CCC=C(C)CCC=C(C)C,0,0.53191113
640,CCCC(=O)Nc1c(I)cc(I)c(CC(CC)C(=O)[O-])c1I,0,0.6038768
641,Clc1cc(Cl)cc(Cl)c1,0,0.390403
642,CC(=O)OC1CCC(C(C)(C)C)CC1,0,0.31598035
643,COc1cc([C@@H]2c3cc4c(cc3C(O[C@@H]3O[C@@H]5CO[C@@H](C)O[C@H]5[C@H](O)[C@H]3O)C3COC(=O)[C@@H]32)OCO4)cc(OC)c1O,1,0.6631443
644,CNC(=O)[C@H]1O[C@@H](n2cnc3c(NCc4cc(Cl)ccc4OCc4cc(C)no4)ncnc32)[C@H](O)[C@@H]1N,0,0.43149292
645,CCOC(=O)C(c1c(O)c2ccccc2oc1=O)c1c(O)c2ccccc2oc1=O,0,0.390403
646,CCOP(=S)(Oc1cnc(C(C)(C)C)nc1)OC(C)C,1,0.390403
647,CCCOC(C)=O,0,0.31598035
648,CC(CCc1ccccc1)NCC(O)c1ccc(O)c(C(N)=O)c1,0,0.2446493
649,Cc1c2ccccc2c(C)c2c1ccc1ccccc12,1,0.9344911
650,CCCCCCCCCCCCCC(=O)OCC,0,0.29654297
651,C=C[Si](OCC)(OCC)OCC,0,0.26903376
652,C1COCO1,0,0.3043172
653,CCOC(=O)c1c(N)sc2c1CCN(Cc1ccccc1)C2,0,0.5829032
654,CCCCCCCCCCCCCCC(=O)O,0,0.48794454
655,C[C@H]1C(=O)O[C@@H]2CCN3CC=C(COC(=O)[C@](C)(O)[C@]1(C)O)[C@H]23,0,0.2867196
656,Cc1nc2ccccc2c(=O)o1,0,0.44911572
657,CC(C)(CO)CO,1,0.29943222
658,CCCN1CCCC[C@H]1C(=O)Nc1c(C)cccc1C,0,0.49941722
659,CCCCCCCCCC#N,0,0.38149497
660,O[Sn](c1ccccc1)(c1ccccc1)c1ccccc1,1,0.8474456
661,COc1ccc2c(c1OC)C(=O)O[C@@H]2[C@H]1c2c(cc3c(c2OC)OCO3)CCN1C,0,0.52754134
662,CCC(O)OCCCOC,0,0.30534598
663,CC(C)=CCOc1c2occc2cc2ccc(=O)oc12,1,0.39432693
664,Cc1ccc(C)c([N+](=O)[O-])c1,1,0.62593156
665,CCOP(=O)(OCC)OC(=CCl)c1ccc(Cl)cc1Cl,1,0.7743527
666,O=C(c1ccccc1)c1ccccc1O,1,0.5850712
667,Cc1cc2c(cc1C(F)(F)F)N(C(=O)Nc1ccc(Oc3cccnc3C)nc1)CC2,1,0.9077192
668,NC(=S)N/N=C/c1cccnc1,0,0.45897275
669,CCC(=O)N(c1ccccc1)C1CCN(CC(O)c2ccccc2)CC1,0,0.390403
670,CN1[C@H]2CC[C@@H]1C[C@H](OC(=O)c1cc(Cl)cc(Cl)c1)C2,0,0.30490896
671,O=c1ccc2ccccc2o1,1,0.41492116
672,ClC(Cl)c1ccccc1,0,0.56028616
673,c1ccc(B(c2ccccc2)c2ccccc2)cc1,1,0.817709
674,CCOC(=O)CCc1ccccc1,0,0.390403
675,COC(=O)CS,0,0.31877255
676,CC(=O)O[C@@H]1CC2C3CCc4cc(OC(=O)c5ccccc5)ccc4C3CCC2(C)[C@H]1OC(C)=O,0,0.41136363
677,COC(=O)CCCCC(CCSS/C(CCO)=C(\C)N(C=O)Cc1cnc(C)nc1N)SC(C)=O,0,0.27074
678,CC1CCC(C(C)C)C(O)C1,0,0.31103638
679,C[C@]12CC[C@@H]3[C@H]4CCC(=O)C=C4CC[C@H]3[C@@H]1CC[C@@H]2O,1,0.390403
680,CC(C)(C)c1ccc(S)cc1,0,0.6186546
681,C[N+](C)(C)Cc1ccccc1,0,0.390403
682,O=C(NC(=O)c1c(F)cccc1F)Nc1ccc(Cl)cc1,1,0.7167266
683,CN(C)CCCN1c2ccccc2Sc2ccc(C(F)(F)F)cc21,1,0.5879785
684,CCCCCCCCN1C=CN(C)C1,0,0.34631035
685,C=CC(=O)NCOCCCC,1,0.43218496
686,CC1(C)S[C@@H]2[C@H](NC(=O)[C@@H](c3ccccc3)S(=O)(=O)[O-])C(=O)N2[C@H]1C(=O)[O-],0,0.27899006
687,Cc1cc(O)cc2c1O[C@](C)(CCC[C@H](C)CCC[C@H](C)CCCC(C)C)CC2,0,0.606768
688,[N-]=[N+]=[N-],0,0.80357397
689,CNC(=O)C[C@@H](N)C(=O)N[C@@H](C(=O)N[C@@H]1C(=O)N2[C@@H](C(=O)O)C(C)(C)S[C@H]12)c1ccc(O)cc1,0,0.55902666
690,CO[C@@H]1[C@@H](O[C@@H]2O[C@H](C)[C@@H](O[C@H]3C[C@@](C)(O)[C@@H](OC(=O)CC(C)C)[C@H](C)O3)[C@H](N(C)C)[C@H]2O)[C@@H](CC=O)C[C@@H](C)C(=O)C=CC2OC2C[C@@H](C)OC(=O)C[C@H]1OC(C)=O,0,0.7425349
691,CCCC1COC(Cn2cncn2)(c2ccc(Cl)cc2Cl)O1,1,0.7583619
692,O=P([O-])(O)C(O)(Cc1cccnc1)P(=O)([O-])O,0,0.390403
693,O=C(Cn1c(=O)sc2ccc(Cl)cc21)N1CCN(CCO)CC1,0,0.39939156
694,CCCCC(CC)CNCC(CC)CCCC,0,0.34910455
695,CCCCNC(=O)n1c(NC(=O)OC)nc2ccccc21,1,0.5924436
696,Oc1ccccc1Cc1ccccc1O,1,0.7461239
697,CCCCCCOC(=O)c1ccccc1,0,0.4292566
698,O=C(NOC[C@H](O)CO)c1ccc(F)c(F)c1Nc1ccc(I)cc1F,0,0.78772146
699,CC(C)CCOC(=O)c1ccccc1,0,0.31728566
700,CC(C(O)c1ccccc1)N(C)CCOC(c1ccccc1)c1ccccc1,0,0.9763989
701,C[C@H]1[C@H](NC(=O)C(=NOC(C)(C)C(=O)O)c2csc(N)n2)C(=O)N1S(=O)(=O)O,0,0.31293988
702,CCCCC1CCCCC(=O)O1,0,0.31249055
703,O=C(CCCCCCCCCCCCC1CCCC1)Nc1ccc(S(=O)(=O)c2ccc(NC(=O)CCCCCCCCCCCCC3CCCC3)cc2)cc1,0,0.5250196
704,CCCC[N+](CCCC)(CCCC)CCCC,0,0.390403
705,CCCCCCCCCCCCOC(C)=O,0,0.29654297
706,CN(CCCCCCCCCCN(C)C(=O)Oc1ccccc1[N+](C)(C)C)C(=O)Oc1ccccc1[N+](C)(C)C,0,0.536984
707,CC(=O)Nc1ccccc1C,0,0.51698357
708,CCOC(=O)C1=NN(c2ccccc2)C(=O)C1,1,0.62161845
709,CC(=O)Nc1ccc(C)cc1C,0,0.390403
710,Fc1c(F)c(F)c(Br)c(F)c1F,0,0.390403
711,COc1ccccc1NC(=O)c1cc2ccccc2cc1O,1,0.30470338
712,CCCCCCCC/C=C\CCCCCCCC(=O)OC,0,0.49003863
713,O=C(O[C@@H](C(=O)O)[C@@H](OC(=O)c1ccccc1)C(=O)O)c1ccccc1,0,0.390403
714,COC(=O)[C@H]1[C@H]2C[C@@H]3c4[nH]c5cc(OC)ccc5c4CCN3C[C@H]2C[C@@H](OC(=O)c2cc(OC)c(OC)c(OC)c2)[C@@H]1OC,1,0.6119461
715,ClCc1ccccc1,0,0.46830067
716,C=CC(=O)OCC(C)O,1,0.30597913
717,CN1CCCC(CN2c3ccccc3Sc3ccccc32)C1,0,0.8067066
718,Cl[Si](Cl)(c1ccccc1)c1ccccc1,1,0.6568119
719,O=C([O-])CCl,0,0.31790808
720,CC(C)c1c(C(=O)Nc2ccccc2)c(-c2ccccc2)c(-c2ccc(F)cc2)n1CC[C@@H](O)C[C@@H](O)CC(=O)O,1,0.64828867
721,CNC(=O)Oc1ccccc1C1OCCO1,0,0.390403
722,C[C@H]1[C@@H](c2ccccc2)N=C(O)N1C,0,0.31539136
723,Cc1ccc(N(CC2=NCCN2)c2cccc(O)c2)cc1,0,0.5544421
724,Cc1c[nH]c(=S)[nH]c1=O,0,0.390403
725,CCCCCCCCCCC=CC#N,0,0.390403
726,CCC(=O)C=Cc1ccc(OC)cc1,0,0.51585746
727,CC(O)CCl,0,0.3158273
728,OC1OC[C@@H](O)[C@H](O)[C@H]1O,0,0.390403
729,CC1(C)O[C@@H]2C[C@H]3[C@@H]4CCC5=CC(=O)CC[C@]5(C)[C@@]4(F)[C@@H](O)C[C@]3(C)[C@]2(C(=O)CCl)O1,1,0.91750413
730,CN(C)CCCCl,0,0.39262715
731,CC1=C(Br)C(=O)C(Br)=C/C1=C(\c1ccccc1S(=O)(=O)[O-])c1cc(Br)c(O)c(Br)c1C,0,0.842279
732,CC(=O)N[C@@H]1C(O[C@H]2O[C@H](C(=O)O)C(O)[C@H](O)[C@H]2O)[C@H](O)[C@@H](CO)O[C@H]1O[C@@H]1C(C(=O)O)O[C@@H](O[C@H]2[C@H](O)[C@@H](CO)OC(O)[C@@H]2NC(C)=O)[C@H](O)[C@H]1O,0,0.390403
733,C[C@H](CCC(=O)O)[C@H]1CC[C@H]2[C@@H]3C(=O)C[C@@H]4CC(=O)CC[C@]4(C)[C@H]3CC(=O)[C@@]21C,0,0.9227719
734,COC(=O)c1cc(C(=O)OC)cc(S(=O)(=O)[O-])c1,0,0.26903376
735,CC1(C)S[C@@H]2[C@H](NC(=O)C(C(=O)[O-])c3ccccc3)C(=O)N2[C@H]1C(=O)[O-],0,0.34370843
736,CCCCCC/C=C\CCCCCCCC(=O)O,1,0.54450476
737,CC(C)[C@]12CC(=O)[C@H](C)[C@H]1C2,0,0.41281494
738,CO[C@H]1[C@@H](O)[C@H](N)[C@@H](O[C@H]2O[C@H]([C@H](C)N)CC[C@H]2N)[C@H](O)[C@@H]1N(C)C(=O)CN,1,0.2779761
739,CCCCCCCCCCCCCCCCC,1,0.27892828
740,O=NN(c1ccccc1)c1ccccc1,1,0.90738624
741,O=C(CCCN1CCN(c2ccc(F)cc2)CC1)NC1c2ccccc2CSc2ccccc21,0,0.63158804
742,N[C@@H](CSSC[C@H](N)C(=O)O)C(=O)O,0,0.2770194
743,ClCc1ccc(Cl)cc1Cl,0,0.56579334
744,O=C(Cl)C(Cl)(Cl)Cl,0,0.3531587
745,O=S(=O)([O-])c1ccc(Nc2nc(Nc3ccc(/C=C/c4ccc(Nc5nc(Nc6ccc(S(=O)(=O)[O-])cc6)nc(N(CCO)CCO)n5)cc4S(=O)(=O)[O-])c(S(=O)(=O)[O-])c3)nc(N(CCO)CCO)n2)cc1,1,0.8131166
746,O=C(O)CCC/C=C\C[C@H]1[C@@H](O)C[C@@H](O)[C@@H]1/C=C/[C@@H](O)COc1cccc(C(F)(F)F)c1,1,0.59208673
747,CO[Si](CCCNc1ccccc1)(OC)OC,0,0.31426153
748,CCCCCCCCCCCCCl,1,0.42011228
749,Nc1ccccc1Cl,0,0.5453284
750,Cc1cccc([N+](=O)[O-])c1,0,0.27383003
751,CCCCCCCC[P+](CCCCCCCC)(CCCCCCCC)CCCCCCCC,1,0.390403
752,CCC(C)COC(C)=O,0,0.31598035
753,CC(C)CC(C)(c1ccc(O)cc1)c1ccc(O)cc1,1,0.93112713
754,Cc1ccc(S(=O)(=O)NC(=O)NC2CCCCC2)cc1,0,0.28082472
755,Oc1ccc(C(O)CNCCCCCCNCC(O)c2ccc(O)c(O)c2)cc1O,0,0.46089333
756,Cl[Hg]c1ccccc1,1,0.4756643
757,C=C(C)[C@@H]1CCC2=CC(=O)C[C@@H](C)[C@]2(C)C1,1,0.51080996
758,S=C=S,0,0.9534697
759,O=[N+]([O-])c1c(Cl)c(Cl)c(Cl)c(Cl)c1Cl,1,0.4742617
760,C=CC(=O)OCCCC,1,0.31037706
761,CCCCCl,0,0.31336582
762,Cc1ccccc1C=O,0,0.31682625
763,C[C@@H]1C[C@H]2[C@@H]3C[C@H](F)C4=CC(=O)C=C[C@]4(C)[C@@]3(F)[C@@H](O)C[C@]2(C)[C@@]1(O)C(=O)CO,1,0.61106724
764,CCOP(=S)(Oc1ccc([N+](=O)[O-])cc1)c1ccccc1,1,0.390403
765,O=C(OCCN1CCOCC1)c1cccnc1Nc1cccc(C(F)(F)F)c1,1,0.448639
766,COc1ccc(Nc2ccc(OC)cc2)cc1,1,0.6896592
767,O=C(c1cc(O)c(O)c(O)c1)c1ccc(O)c(O)c1O,1,0.42483497
768,O=c1n(CCO)c(=O)n(CCO)c(=O)n1CCO,1,0.390403
769,CC(C)NCC(O)c1ccc([N+](=O)[O-])cc1,0,0.390403
770,CCc1nc(C)c[nH]1,0,0.5658089
771,CCOC(=O)COC(=O)c1ccccc1C(=O)OCC,0,0.390403
772,CCCCN(CCCC)CCC(O)c1cc2c(Cl)cc(Cl)cc2c2cc(C(F)(F)F)ccc12,0,0.5845965
773,COc1cc(N)ccc1C,1,0.38261265
774,Nc1ccc(S(=O)(=O)Nc2ccc(Cl)nn2)cc1,0,0.41281494
775,CCC(C)(c1ccc(O)cc1)c1ccc(O)cc1,1,0.93112713
776,Cc1ccc(C(C)(C)C)c(O)c1,1,0.47421306
777,O=C(O)CCCCCCCCCCCC(=O)O,0,0.40175927
778,C1CSCCS1,0,0.591752
779,CC(=O)CC(C)(C)O,0,0.30527735
780,CC(C)=CCNc1ncnc2c1ncn2[C@@H]1O[C@H](CO)[C@@H](O)[C@H]1O,1,0.34304684
781,COc1ccc(CN2CCN(C(c3ccc(F)cc3)c3ccc(F)cc3)CC2)c(OC)c1OC,1,0.51079404
782,COC(=O)[C@]12CCC(C)(C)C[C@H]1[C@H]1C(=O)C=C3[C@@](C)(CC[C@H]4C(C)(C)C(=O)C(C#N)=C[C@]34C)[C@]1(C)CC2,1,0.81289333
